[
  {
    "icon": "fa fa-home",
    "slug": "external",
    "title": "Volver al inicio",
    "path": "index.html"
  },  
  {
    "id": 1,
    "icon": "fa fa-play-circle",
    "slug": "semiotica_semiologia",
    "title": "1. Semiótica y semiología",    
    "path": "pages/tema-1.html",
    "submenu": [       
      {
        "icon": "fa fa-file-text",
        "slug": "semiotica_semiologia",
        "title": "1.1 Los signos en la actualidad y su aplicabilidad: puntuación, interrogación y admiración",
        "anchor": "tema1_1"
      },  
      {
        "icon": "fa fa-file-text",
        "slug": "semiotica_semiologia",
        "title": "1.2 Conectores lógicos como elementos de cohesión",
        "anchor": "tema1_2"
      }, 
      {
        "icon": "fa fa-file-text",
        "slug": "semiotica_semiologia",
        "title": "1.3 Diagramas, mapas, gráficos, esquemas y flujogramas",
        "anchor": "tema1_3"
      }
    ]    
  },
  {
    "id": 2,
    "icon": "fa fa-file-text",
    "slug": "interpretacion",
    "title": "2. La interpretación",    
    "path": "pages/tema-2.html",
    "submenu": [       
      {
        "icon": "fa fa-file-text",
        "slug": "interpretacion",
        "title": "2.1 De la lectura al discurso",
        "anchor": "tema2_1"
      },
      {
        "icon": "fa fa-file-text",
        "slug": "interpretacion",
        "title": "2.2 Discurso con ayudas audiovisuales",
        "anchor": "tema2_2"
      },
      {
        "icon": "fa fa-file-text",
        "slug": "interpretacion",
        "title": "2.3 Discurso leído",
        "anchor": "tema2_3"
      },     
      {
        "icon": "fa fa-file-text",
        "slug": "interpretacion",
        "title": "2.4 Uso de preposiciones",
        "anchor": "tema2_4"
      },
      {
        "icon": "fa fa-file-text",
        "slug": "interpretacion",
        "title": "2.5 Técnicas de registro de información",
        "anchor": "tema2_5"
      }
    ]   
  }  
]